Date,Review
2/10/2022,760
1/10/2022,1088
1/22/2022,495
1/23/2022,1095
2/10/2022,710
1/13/2022,735
1/9/2022,973
2/7/2022,432
2/26/2022,615
2/10/2022,1045
1/5/2022,510
1/2/2022,1118
2/16/2022,1086
2/23/2022,761
1/12/2022,947
1/7/2022,398
2/6/2022,623
1/30/2022,261
2/23/2022,221
1/18/2022,1200
2/27/2022,1137
2/6/2022,346
1/5/2022,701
1/2/2022,149
1/10/2022,321
1/18/2022,74
1/30/2022,108
1/14/2022,1073
1/2/2022,376
2/13/2022,689
1/30/2022,849
2/21/2022,249
1/1/2022,419
2/17/2022,801
1/12/2022,889
1/2/2022,589
1/9/2022,1028
1/10/2022,851
1/30/2022,1067
2/9/2022,1053
1/14/2022,224
1/21/2022,799
2/2/2022,861
1/15/2022,339
2/16/2022,720
2/24/2022,895
1/27/2022,554
2/8/2022,44
1/12/2022,643
2/17/2022,838
1/4/2022,739
1/5/2022,499
1/22/2022,987
2/19/2022,1061
1/5/2022,1143
2/27/2022,445
1/26/2022,720
2/16/2022,46
2/1/2022,288
2/23/2022,169
